0,4,Identify hit push,General nothing expect.,https://m.media-amazon.com/images/I/61AcT0ZuO3L.jpg
1,6,However mouth,Price support rock take.,"https://m.media-amazon.com/images/I/91eY5tY-pGS._AC_UF894,1000_QL80_.jpg"
2,2,Sport threat,Few board employee.,"https://m.media-amazon.com/images/I/61YNwmfTUOL._AC_UF894,1000_QL80_.jpg"
3,2,Safe trial,Skill power.,"https://m.media-amazon.com/images/I/61YNwmfTUOL._AC_UF894,1000_QL80_.jpg"
4,9,Guess,Week indeed lose measure sense.,https://m.media-amazon.com/images/I/51aX6Nv7rAL.jpg
5,1,Soldier whatever wall,Personal summer such.,https://m.media-amazon.com/images/I/61AcT0ZuO3L.jpg
6,7,Color form,Check language seat middle word.,"https://m.media-amazon.com/images/I/51xT9lbPAmL._AC_UF1000,1000_QL80_.jpg"
7,7,Add democratic,Young figure least how series.,"https://m.media-amazon.com/images/I/91eY5tY-pGS._AC_UF894,1000_QL80_.jpg"
8,4,Range machine,Student federal ask drop.,"https://m.media-amazon.com/images/I/61Q79ulDs6L._AC_UF1000,1000_QL80_.jpg"
9,3,Next husband,If force history.,https://m.media-amazon.com/images/I/611DiOFTVfL.jpg
10,3,Difference even amount,Put break.,"https://m.media-amazon.com/images/I/91eY5tY-pGS._AC_UF894,1000_QL80_.jpg"
11,7,Type,Read top who.,"https://m.media-amazon.com/images/I/61YNwmfTUOL._AC_UF894,1000_QL80_.jpg"
12,7,According into,Walk fine happen campaign.,https://m.media-amazon.com/images/I/614pn1oYPCL.jpg
13,2,Face safe cut,Trouble by national head different.,"https://m.media-amazon.com/images/I/71gtKUViyOL._AC_UF1000,1000_QL80_.jpg"
14,2,Yes possible,Hot born single race high.,https://m.media-amazon.com/images/I/51aX6Nv7rAL.jpg
15,6,Prove line leg,Than adult person beat.,"https://m.media-amazon.com/images/I/51xT9lbPAmL._AC_UF1000,1000_QL80_.jpg"
16,5,Center leave,Everyone goal win.,https://m.media-amazon.com/images/I/614pn1oYPCL.jpg
17,0,Anyone,Find operation bag give one.,"https://m.media-amazon.com/images/I/61Q79ulDs6L._AC_UF1000,1000_QL80_.jpg"
18,8,Local ok way enough,Political sell.,https://m.media-amazon.com/images/I/611DiOFTVfL.jpg
19,0,Speech four forget,Rule several pattern.,"https://m.media-amazon.com/images/I/61YNwmfTUOL._AC_UF894,1000_QL80_.jpg"
20,0,Open,On particularly once.,"https://m.media-amazon.com/images/I/91eY5tY-pGS._AC_UF894,1000_QL80_.jpg"
21,0,Perform tonight,Take mission decade.,"https://m.media-amazon.com/images/I/61x-ngKuW3L._AC_UF894,1000_QL80_.jpg"
22,8,Defense provide,Try expert mind accept.,"https://m.media-amazon.com/images/I/91eY5tY-pGS._AC_UF894,1000_QL80_.jpg"
23,2,Wall strategy adult,Require another nor.,https://m.media-amazon.com/images/I/51aX6Nv7rAL.jpg
24,0,Yet front interest,Have scientist rich.,"https://m.media-amazon.com/images/I/51xT9lbPAmL._AC_UF1000,1000_QL80_.jpg"
25,1,Seven this more,Various finish read seem determine.,https://m.media-amazon.com/images/I/614pn1oYPCL.jpg
26,6,Respond seek possible,Maybe increase today offer.,https://m.media-amazon.com/images/I/51aX6Nv7rAL.jpg
27,5,Environment far TV,Daughter travel main.,https://m.media-amazon.com/images/I/614pn1oYPCL.jpg
28,0,Produce,Subject commercial camera.,"https://m.media-amazon.com/images/I/91eY5tY-pGS._AC_UF894,1000_QL80_.jpg"
29,0,Easy camera line,Film old stage special.,https://m.media-amazon.com/images/I/61AcT0ZuO3L.jpg
30,1,Too fall,Student the local toward beyond.,"https://m.media-amazon.com/images/I/71gtKUViyOL._AC_UF1000,1000_QL80_.jpg"
31,8,One reason,Drug great position.,https://m.media-amazon.com/images/I/51aX6Nv7rAL.jpg
32,9,Attack include professor,Owner author contain discover reduce.,https://m.media-amazon.com/images/I/614pn1oYPCL.jpg
33,6,Special practice force,Exactly this base sometimes.,https://m.media-amazon.com/images/I/614pn1oYPCL.jpg
34,7,Example laugh,Pm else.,"https://m.media-amazon.com/images/I/71gtKUViyOL._AC_UF1000,1000_QL80_.jpg"
35,9,Other perhaps,Administration husband.,"https://m.media-amazon.com/images/I/71gtKUViyOL._AC_UF1000,1000_QL80_.jpg"
36,7,Character radio friend service,That sell detail talk.,"https://m.media-amazon.com/images/I/61x-ngKuW3L._AC_UF894,1000_QL80_.jpg"
37,0,Your short budget,Specific left.,https://m.media-amazon.com/images/I/51aX6Nv7rAL.jpg
38,8,Organization rather,Congress evidence edge let.,"https://m.media-amazon.com/images/I/91eY5tY-pGS._AC_UF894,1000_QL80_.jpg"
39,4,Street already,Artist force deal for.,"https://m.media-amazon.com/images/I/71gtKUViyOL._AC_UF1000,1000_QL80_.jpg"
40,0,Water,Threat where.,https://m.media-amazon.com/images/I/611DiOFTVfL.jpg
41,5,Suggest practice,Dog business friend leg.,"https://m.media-amazon.com/images/I/61YNwmfTUOL._AC_UF894,1000_QL80_.jpg"
42,5,Stuff yeah entire,Street work recent.,https://m.media-amazon.com/images/I/614pn1oYPCL.jpg
43,6,Control scene,Reduce into view suggest language.,"https://m.media-amazon.com/images/I/71gtKUViyOL._AC_UF1000,1000_QL80_.jpg"
44,9,Financial at cause price,Our quality wear actually democratic.,https://m.media-amazon.com/images/I/51aX6Nv7rAL.jpg
45,3,Market heart society,Work charge every mouth group.,https://m.media-amazon.com/images/I/61AcT0ZuO3L.jpg
46,2,Around yet stock,Social win talk hotel.,https://m.media-amazon.com/images/I/51aX6Nv7rAL.jpg
47,1,Stand rule lead,Appear kitchen research sit.,"https://m.media-amazon.com/images/I/91eY5tY-pGS._AC_UF894,1000_QL80_.jpg"
48,9,Mention writer right beat,Fill all painting.,https://m.media-amazon.com/images/I/61AcT0ZuO3L.jpg
49,0,Growth instead company others,Beautiful painting with recognize.,"https://m.media-amazon.com/images/I/91eY5tY-pGS._AC_UF894,1000_QL80_.jpg"
50,7,Step stop,Product those forward would personal.,https://m.media-amazon.com/images/I/61AcT0ZuO3L.jpg
51,3,Risk require let quickly,Support source.,https://m.media-amazon.com/images/I/611DiOFTVfL.jpg
52,9,College window rock,Draw free if degree.,"https://m.media-amazon.com/images/I/61x-ngKuW3L._AC_UF894,1000_QL80_.jpg"
53,5,Way get common,Candidate set research.,"https://m.media-amazon.com/images/I/71gtKUViyOL._AC_UF1000,1000_QL80_.jpg"
54,0,Low various home,Beat recognize voice.,"https://m.media-amazon.com/images/I/61x-ngKuW3L._AC_UF894,1000_QL80_.jpg"
55,8,Check subject see,Night first itself itself protect.,"https://m.media-amazon.com/images/I/61x-ngKuW3L._AC_UF894,1000_QL80_.jpg"
56,1,Later alone respond water,Will something artist hair your.,"https://m.media-amazon.com/images/I/61Q79ulDs6L._AC_UF1000,1000_QL80_.jpg"
57,0,Five money plant shoulder,Trial decision.,"https://m.media-amazon.com/images/I/61x-ngKuW3L._AC_UF894,1000_QL80_.jpg"
58,2,Site provide wife,Drive among.,"https://m.media-amazon.com/images/I/61x-ngKuW3L._AC_UF894,1000_QL80_.jpg"
59,6,Center include,Doctor Democrat wait.,"https://m.media-amazon.com/images/I/61YNwmfTUOL._AC_UF894,1000_QL80_.jpg"
60,8,Name ten,Mrs too manager unit.,"https://m.media-amazon.com/images/I/91eY5tY-pGS._AC_UF894,1000_QL80_.jpg"
61,9,Available health decision,Message base public.,https://m.media-amazon.com/images/I/51aX6Nv7rAL.jpg
62,0,Various center billion,Hear concern.,https://m.media-amazon.com/images/I/51aX6Nv7rAL.jpg
63,4,Attorney call,Early Mr.,"https://m.media-amazon.com/images/I/61x-ngKuW3L._AC_UF894,1000_QL80_.jpg"
64,7,Threat ten standard,Enough total wife smile.,https://m.media-amazon.com/images/I/611DiOFTVfL.jpg
65,9,On beyond democratic,Continue draw.,https://m.media-amazon.com/images/I/61AcT0ZuO3L.jpg
66,0,Beyond,Enter training civil just.,"https://m.media-amazon.com/images/I/51xT9lbPAmL._AC_UF1000,1000_QL80_.jpg"
67,4,Action forward develop goal,Concern here.,https://m.media-amazon.com/images/I/611DiOFTVfL.jpg
68,7,Seat real,Meeting last church study.,https://m.media-amazon.com/images/I/614pn1oYPCL.jpg
69,4,Include have Mrs,Now strong.,https://m.media-amazon.com/images/I/614pn1oYPCL.jpg
70,4,Card expert newspaper,Fall carry southern.,"https://m.media-amazon.com/images/I/61YNwmfTUOL._AC_UF894,1000_QL80_.jpg"
71,6,Difference society,Far section if hold yet.,"https://m.media-amazon.com/images/I/61YNwmfTUOL._AC_UF894,1000_QL80_.jpg"
72,2,Animal pattern study father,Common family.,"https://m.media-amazon.com/images/I/91eY5tY-pGS._AC_UF894,1000_QL80_.jpg"
73,3,Old happy cut exactly,Item sound.,"https://m.media-amazon.com/images/I/61x-ngKuW3L._AC_UF894,1000_QL80_.jpg"
74,2,Easy production,Woman state public son.,"https://m.media-amazon.com/images/I/61YNwmfTUOL._AC_UF894,1000_QL80_.jpg"
75,3,Early least them,Thing beautiful most.,https://m.media-amazon.com/images/I/611DiOFTVfL.jpg
76,1,Stage discover sister,Table listen.,https://m.media-amazon.com/images/I/611DiOFTVfL.jpg
77,1,This prepare,College black.,"https://m.media-amazon.com/images/I/51xT9lbPAmL._AC_UF1000,1000_QL80_.jpg"
78,8,Through movement forward,Decade nice onto.,https://m.media-amazon.com/images/I/61AcT0ZuO3L.jpg
79,5,Executive include,Nor police himself price.,"https://m.media-amazon.com/images/I/51xT9lbPAmL._AC_UF1000,1000_QL80_.jpg"
80,5,Wonder upon instead,Option far realize site direction.,"https://m.media-amazon.com/images/I/61Q79ulDs6L._AC_UF1000,1000_QL80_.jpg"
81,1,According return commercial,Agent star people.,https://m.media-amazon.com/images/I/51aX6Nv7rAL.jpg
82,5,Second represent several,Cell case community send.,"https://m.media-amazon.com/images/I/91eY5tY-pGS._AC_UF894,1000_QL80_.jpg"
83,8,Meet concern,Song reflect.,"https://m.media-amazon.com/images/I/51xT9lbPAmL._AC_UF1000,1000_QL80_.jpg"
84,1,Seem forward police,Hot art charge.,https://m.media-amazon.com/images/I/614pn1oYPCL.jpg
85,5,End main,Mouth yet size.,"https://m.media-amazon.com/images/I/91eY5tY-pGS._AC_UF894,1000_QL80_.jpg"
86,7,Evidence prevent up,Check total indeed.,https://m.media-amazon.com/images/I/61AcT0ZuO3L.jpg
87,0,Race single,Design create move name couple.,"https://m.media-amazon.com/images/I/51xT9lbPAmL._AC_UF1000,1000_QL80_.jpg"
88,9,Business six,Those last.,https://m.media-amazon.com/images/I/51aX6Nv7rAL.jpg
89,9,Station thus,Clearly skin.,"https://m.media-amazon.com/images/I/91eY5tY-pGS._AC_UF894,1000_QL80_.jpg"
90,3,Start crime,Pattern race.,"https://m.media-amazon.com/images/I/91eY5tY-pGS._AC_UF894,1000_QL80_.jpg"
91,8,Be whole far,Sense home.,https://m.media-amazon.com/images/I/614pn1oYPCL.jpg
92,3,Clear cultural,Face human police compare plant.,"https://m.media-amazon.com/images/I/61x-ngKuW3L._AC_UF894,1000_QL80_.jpg"
93,1,Major protect,Anyone property exist natural environment.,"https://m.media-amazon.com/images/I/61x-ngKuW3L._AC_UF894,1000_QL80_.jpg"
94,6,Save spend send,Still loss right.,"https://m.media-amazon.com/images/I/61YNwmfTUOL._AC_UF894,1000_QL80_.jpg"
95,6,Modern candidate practice,Every difference international exist.,"https://m.media-amazon.com/images/I/61Q79ulDs6L._AC_UF1000,1000_QL80_.jpg"
96,7,With race,Discover series body make.,"https://m.media-amazon.com/images/I/91eY5tY-pGS._AC_UF894,1000_QL80_.jpg"
97,2,Quickly reason television,Strategy them high pull.,https://m.media-amazon.com/images/I/61AcT0ZuO3L.jpg
98,9,Beyond foot,Perhaps way.,"https://m.media-amazon.com/images/I/61YNwmfTUOL._AC_UF894,1000_QL80_.jpg"
99,3,Student evening,Manage smile hair.,https://m.media-amazon.com/images/I/614pn1oYPCL.jpg
100,7,Personal,Market charge city inside.,https://m.media-amazon.com/images/I/51aX6Nv7rAL.jpg
101,4,With,Region but.,https://m.media-amazon.com/images/I/611DiOFTVfL.jpg
102,0,Contain,Quickly both look near.,"https://m.media-amazon.com/images/I/61YNwmfTUOL._AC_UF894,1000_QL80_.jpg"
103,9,Much doctor mouth,Style service.,"https://m.media-amazon.com/images/I/71gtKUViyOL._AC_UF1000,1000_QL80_.jpg"
104,3,Especially market realize,Decision across personal from.,"https://m.media-amazon.com/images/I/61x-ngKuW3L._AC_UF894,1000_QL80_.jpg"
105,1,Pm prepare,Firm this Congress everyone attorney.,"https://m.media-amazon.com/images/I/71gtKUViyOL._AC_UF1000,1000_QL80_.jpg"
106,8,Sport anything remain,Lay interview major song.,"https://m.media-amazon.com/images/I/71gtKUViyOL._AC_UF1000,1000_QL80_.jpg"
107,5,Short style,Speak single central operation.,"https://m.media-amazon.com/images/I/51xT9lbPAmL._AC_UF1000,1000_QL80_.jpg"
108,0,Peace term side,Local low accept.,https://m.media-amazon.com/images/I/611DiOFTVfL.jpg
109,0,Military name,Attention attack or artist.,"https://m.media-amazon.com/images/I/61x-ngKuW3L._AC_UF894,1000_QL80_.jpg"
110,1,Nearly then personal though,Learn member physical edge process.,"https://m.media-amazon.com/images/I/71gtKUViyOL._AC_UF1000,1000_QL80_.jpg"
111,1,Sister determine,Sit interview around nice attack.,"https://m.media-amazon.com/images/I/61YNwmfTUOL._AC_UF894,1000_QL80_.jpg"
112,2,Commercial federal,Staff yourself different.,"https://m.media-amazon.com/images/I/71gtKUViyOL._AC_UF1000,1000_QL80_.jpg"
113,5,Too nature fly,Sort single company.,https://m.media-amazon.com/images/I/51aX6Nv7rAL.jpg
114,2,Perhaps value,Hear all them.,"https://m.media-amazon.com/images/I/61YNwmfTUOL._AC_UF894,1000_QL80_.jpg"
115,4,Same,Maybe all receive his indicate.,"https://m.media-amazon.com/images/I/51xT9lbPAmL._AC_UF1000,1000_QL80_.jpg"
116,2,Record them,Be wait five.,"https://m.media-amazon.com/images/I/51xT9lbPAmL._AC_UF1000,1000_QL80_.jpg"
117,9,Film adult car,Hospital follow.,"https://m.media-amazon.com/images/I/61YNwmfTUOL._AC_UF894,1000_QL80_.jpg"
118,5,Wall memory leave,Network recognize.,"https://m.media-amazon.com/images/I/71gtKUViyOL._AC_UF1000,1000_QL80_.jpg"
119,6,World,Evening indeed figure middle.,"https://m.media-amazon.com/images/I/91eY5tY-pGS._AC_UF894,1000_QL80_.jpg"
120,8,Price away would,Realize push.,"https://m.media-amazon.com/images/I/61Q79ulDs6L._AC_UF1000,1000_QL80_.jpg"
121,3,Often member,Drop good law upon.,"https://m.media-amazon.com/images/I/61x-ngKuW3L._AC_UF894,1000_QL80_.jpg"
122,7,Foot cell,Raise loss billion.,"https://m.media-amazon.com/images/I/91eY5tY-pGS._AC_UF894,1000_QL80_.jpg"
123,4,Stand never,Much health foot eat.,https://m.media-amazon.com/images/I/614pn1oYPCL.jpg
124,6,Base painting production despite,Garden want particularly.,"https://m.media-amazon.com/images/I/71gtKUViyOL._AC_UF1000,1000_QL80_.jpg"
125,3,Doctor watch,Standard future thus.,https://m.media-amazon.com/images/I/51aX6Nv7rAL.jpg
126,2,Degree again,Something technology skill kitchen.,https://m.media-amazon.com/images/I/614pn1oYPCL.jpg
127,3,Understand hour partner,Edge positive hot.,https://m.media-amazon.com/images/I/611DiOFTVfL.jpg
128,6,However land American,Crime total.,https://m.media-amazon.com/images/I/614pn1oYPCL.jpg
129,2,Each skin,Your hold authority.,https://m.media-amazon.com/images/I/614pn1oYPCL.jpg
130,3,Keep minute arm,War race cup race clear.,"https://m.media-amazon.com/images/I/61Q79ulDs6L._AC_UF1000,1000_QL80_.jpg"
131,9,Money Congress yes,Position no financial.,https://m.media-amazon.com/images/I/614pn1oYPCL.jpg
132,8,War scene show whether,Public serious magazine.,https://m.media-amazon.com/images/I/61AcT0ZuO3L.jpg
133,2,Protect level know,Life hope nor pick.,https://m.media-amazon.com/images/I/61AcT0ZuO3L.jpg
134,1,Occur city director stay,Hit impact.,"https://m.media-amazon.com/images/I/91eY5tY-pGS._AC_UF894,1000_QL80_.jpg"
135,1,Analysis,Rest present.,"https://m.media-amazon.com/images/I/51xT9lbPAmL._AC_UF1000,1000_QL80_.jpg"
136,5,Decision professor,Face kitchen ask.,"https://m.media-amazon.com/images/I/51xT9lbPAmL._AC_UF1000,1000_QL80_.jpg"
137,1,Example rule go,Bill trade your.,https://m.media-amazon.com/images/I/611DiOFTVfL.jpg
138,7,Throw quickly,Response condition certainly.,https://m.media-amazon.com/images/I/61AcT0ZuO3L.jpg
139,6,Capital character I,Nature with.,"https://m.media-amazon.com/images/I/91eY5tY-pGS._AC_UF894,1000_QL80_.jpg"
140,4,Near Mrs measure,Some effect serious within.,"https://m.media-amazon.com/images/I/61Q79ulDs6L._AC_UF1000,1000_QL80_.jpg"
141,2,Help ok positive,Ball low.,"https://m.media-amazon.com/images/I/61Q79ulDs6L._AC_UF1000,1000_QL80_.jpg"
142,2,According,Step feeling.,"https://m.media-amazon.com/images/I/61x-ngKuW3L._AC_UF894,1000_QL80_.jpg"
143,5,Prepare kind view,Away grow nice technology.,"https://m.media-amazon.com/images/I/51xT9lbPAmL._AC_UF1000,1000_QL80_.jpg"
144,0,Ten,Ahead without life past.,"https://m.media-amazon.com/images/I/61x-ngKuW3L._AC_UF894,1000_QL80_.jpg"
145,5,Memory in,Staff past short.,https://m.media-amazon.com/images/I/61AcT0ZuO3L.jpg
146,2,Fund everything dark,Conference class certain how.,https://m.media-amazon.com/images/I/611DiOFTVfL.jpg
147,7,Read outside law off,Eight large no decade.,"https://m.media-amazon.com/images/I/71gtKUViyOL._AC_UF1000,1000_QL80_.jpg"
148,4,Country language clear,Anyone quality however school.,"https://m.media-amazon.com/images/I/71gtKUViyOL._AC_UF1000,1000_QL80_.jpg"
149,6,Interest improve,Book product anyone use money.,"https://m.media-amazon.com/images/I/61Q79ulDs6L._AC_UF1000,1000_QL80_.jpg"
150,1,Hotel job,Open necessary hundred.,"https://m.media-amazon.com/images/I/61x-ngKuW3L._AC_UF894,1000_QL80_.jpg"
151,3,Account notice,Whether blue.,"https://m.media-amazon.com/images/I/91eY5tY-pGS._AC_UF894,1000_QL80_.jpg"
152,2,Huge fund issue customer,Each certainly reflect.,"https://m.media-amazon.com/images/I/61YNwmfTUOL._AC_UF894,1000_QL80_.jpg"
153,9,Those yeah,Provide foreign under.,"https://m.media-amazon.com/images/I/61x-ngKuW3L._AC_UF894,1000_QL80_.jpg"
154,5,Benefit raise natural,Half responsibility ago season.,"https://m.media-amazon.com/images/I/91eY5tY-pGS._AC_UF894,1000_QL80_.jpg"
155,5,Per eight best seek,Morning color chair.,https://m.media-amazon.com/images/I/51aX6Nv7rAL.jpg
156,2,Event knowledge,Book wrong as.,"https://m.media-amazon.com/images/I/71gtKUViyOL._AC_UF1000,1000_QL80_.jpg"
157,3,Exist language such law,Employee week cause lawyer.,"https://m.media-amazon.com/images/I/61Q79ulDs6L._AC_UF1000,1000_QL80_.jpg"
158,7,Surface look sound,Year conference result land case.,"https://m.media-amazon.com/images/I/61Q79ulDs6L._AC_UF1000,1000_QL80_.jpg"
159,2,Event,Win community region challenge.,https://m.media-amazon.com/images/I/51aX6Nv7rAL.jpg
160,8,Event administration since,Number six return.,"https://m.media-amazon.com/images/I/51xT9lbPAmL._AC_UF1000,1000_QL80_.jpg"
161,4,Writer oil source store,Reality it serve.,https://m.media-amazon.com/images/I/611DiOFTVfL.jpg
162,4,Even site,Body style happy.,https://m.media-amazon.com/images/I/61AcT0ZuO3L.jpg
163,5,About,Throw people present.,"https://m.media-amazon.com/images/I/61YNwmfTUOL._AC_UF894,1000_QL80_.jpg"
164,2,Thought establish seek phone,Just we stuff.,"https://m.media-amazon.com/images/I/61Q79ulDs6L._AC_UF1000,1000_QL80_.jpg"
165,5,Policy item safe,Professor you economy right.,"https://m.media-amazon.com/images/I/61YNwmfTUOL._AC_UF894,1000_QL80_.jpg"
166,6,Above office,Situation watch number answer development.,"https://m.media-amazon.com/images/I/61YNwmfTUOL._AC_UF894,1000_QL80_.jpg"
167,0,Fear own,Painting news drop all.,https://m.media-amazon.com/images/I/611DiOFTVfL.jpg
168,7,Investment fight last,Explain body market ready.,https://m.media-amazon.com/images/I/61AcT0ZuO3L.jpg
169,0,Much answer wide,Continue happy subject.,https://m.media-amazon.com/images/I/614pn1oYPCL.jpg
170,3,May four key,National poor kid.,"https://m.media-amazon.com/images/I/91eY5tY-pGS._AC_UF894,1000_QL80_.jpg"
171,5,Return social edge,We upon course color ok.,https://m.media-amazon.com/images/I/614pn1oYPCL.jpg
172,4,Choice compare,Peace minute surface.,https://m.media-amazon.com/images/I/611DiOFTVfL.jpg
173,6,All fund bag season,Simply black expert build just.,"https://m.media-amazon.com/images/I/61YNwmfTUOL._AC_UF894,1000_QL80_.jpg"
174,6,Kid side,Interest body now.,https://m.media-amazon.com/images/I/611DiOFTVfL.jpg
175,6,Improve couple,Respond serious agency note fight.,"https://m.media-amazon.com/images/I/61Q79ulDs6L._AC_UF1000,1000_QL80_.jpg"
176,9,Computer community hospital,Computer song test respond.,https://m.media-amazon.com/images/I/51aX6Nv7rAL.jpg
177,0,Owner television require,Floor single send.,https://m.media-amazon.com/images/I/614pn1oYPCL.jpg
178,7,Nothing,Read heart keep world.,"https://m.media-amazon.com/images/I/61Q79ulDs6L._AC_UF1000,1000_QL80_.jpg"
179,0,Evening phone,Once matter individual.,"https://m.media-amazon.com/images/I/61x-ngKuW3L._AC_UF894,1000_QL80_.jpg"
180,3,Good product million,Board however woman voice.,"https://m.media-amazon.com/images/I/91eY5tY-pGS._AC_UF894,1000_QL80_.jpg"
181,2,Alone yard business hotel,Market answer power economy success.,https://m.media-amazon.com/images/I/61AcT0ZuO3L.jpg
182,0,Cold central,Job city.,"https://m.media-amazon.com/images/I/71gtKUViyOL._AC_UF1000,1000_QL80_.jpg"
183,0,Level six party,Agent Mr same couple direction.,https://m.media-amazon.com/images/I/611DiOFTVfL.jpg
184,3,Short since indicate,Loss attorney defense.,"https://m.media-amazon.com/images/I/61x-ngKuW3L._AC_UF894,1000_QL80_.jpg"
185,4,Would small blood during,Country admit participant civil.,"https://m.media-amazon.com/images/I/61Q79ulDs6L._AC_UF1000,1000_QL80_.jpg"
186,3,Read stop staff,Foot high society purpose give.,https://m.media-amazon.com/images/I/611DiOFTVfL.jpg
187,8,Century green,Congress born rich outside matter.,"https://m.media-amazon.com/images/I/61YNwmfTUOL._AC_UF894,1000_QL80_.jpg"
188,9,Necessary investment,Staff toward those.,"https://m.media-amazon.com/images/I/61Q79ulDs6L._AC_UF1000,1000_QL80_.jpg"
189,7,Attention field me as,Artist industry bed.,"https://m.media-amazon.com/images/I/61x-ngKuW3L._AC_UF894,1000_QL80_.jpg"
190,9,Fill staff challenge,Scientist yet task owner.,"https://m.media-amazon.com/images/I/61YNwmfTUOL._AC_UF894,1000_QL80_.jpg"
191,0,Raise sign daughter respond,Free responsibility structure cut.,"https://m.media-amazon.com/images/I/71gtKUViyOL._AC_UF1000,1000_QL80_.jpg"
192,5,Left police idea,Southern quite.,"https://m.media-amazon.com/images/I/91eY5tY-pGS._AC_UF894,1000_QL80_.jpg"
193,5,Six fly leave,Democratic anyone cut sport trial.,"https://m.media-amazon.com/images/I/71gtKUViyOL._AC_UF1000,1000_QL80_.jpg"
194,1,Stay walk director,Article nearly.,https://m.media-amazon.com/images/I/611DiOFTVfL.jpg
195,5,Individual,Another coach word international raise.,"https://m.media-amazon.com/images/I/71gtKUViyOL._AC_UF1000,1000_QL80_.jpg"
196,3,Step health box,Away southern sometimes.,https://m.media-amazon.com/images/I/51aX6Nv7rAL.jpg
197,8,Would,Mouth agent.,"https://m.media-amazon.com/images/I/61Q79ulDs6L._AC_UF1000,1000_QL80_.jpg"
198,0,Where manage,Real site return leg.,https://m.media-amazon.com/images/I/614pn1oYPCL.jpg
199,9,Cell student report,Design color usually.,"https://m.media-amazon.com/images/I/61Q79ulDs6L._AC_UF1000,1000_QL80_.jpg"
200,7,Learn market,Recognize before piece help no.,"https://m.media-amazon.com/images/I/71gtKUViyOL._AC_UF1000,1000_QL80_.jpg"
201,2,Bank management inside,Present edge forward.,"https://m.media-amazon.com/images/I/61Q79ulDs6L._AC_UF1000,1000_QL80_.jpg"
202,8,Small often mouth,Happen perform little thank.,https://m.media-amazon.com/images/I/611DiOFTVfL.jpg
203,6,Middle,National firm law.,"https://m.media-amazon.com/images/I/71gtKUViyOL._AC_UF1000,1000_QL80_.jpg"
204,7,Experience suggest,Off develop Congress I American.,"https://m.media-amazon.com/images/I/91eY5tY-pGS._AC_UF894,1000_QL80_.jpg"
205,4,Oil,If conference recent.,"https://m.media-amazon.com/images/I/71gtKUViyOL._AC_UF1000,1000_QL80_.jpg"
206,0,Could owner,Career everybody dark memory.,https://m.media-amazon.com/images/I/61AcT0ZuO3L.jpg
207,4,Base question,White research drop itself.,"https://m.media-amazon.com/images/I/51xT9lbPAmL._AC_UF1000,1000_QL80_.jpg"
208,0,Indicate option big,Cause arm full our.,https://m.media-amazon.com/images/I/51aX6Nv7rAL.jpg
209,1,Interview police forget,Face official eight.,https://m.media-amazon.com/images/I/61AcT0ZuO3L.jpg
210,7,Wife type maybe direction,Step air while capital.,"https://m.media-amazon.com/images/I/71gtKUViyOL._AC_UF1000,1000_QL80_.jpg"
211,4,Cause win,Word dinner effect example.,"https://m.media-amazon.com/images/I/91eY5tY-pGS._AC_UF894,1000_QL80_.jpg"
212,4,War million,Over study hot include.,"https://m.media-amazon.com/images/I/61Q79ulDs6L._AC_UF1000,1000_QL80_.jpg"
213,9,Need her support,To thing trial.,"https://m.media-amazon.com/images/I/61YNwmfTUOL._AC_UF894,1000_QL80_.jpg"
214,9,Hear throughout,Respond face believe.,https://m.media-amazon.com/images/I/611DiOFTVfL.jpg
215,2,Official admit significant,All yourself woman lead near.,https://m.media-amazon.com/images/I/611DiOFTVfL.jpg
216,0,Act avoid,Get care every.,"https://m.media-amazon.com/images/I/61YNwmfTUOL._AC_UF894,1000_QL80_.jpg"
217,8,Value government,Say kind.,https://m.media-amazon.com/images/I/61AcT0ZuO3L.jpg
218,1,Eight type break,Especially official forget bag up.,"https://m.media-amazon.com/images/I/71gtKUViyOL._AC_UF1000,1000_QL80_.jpg"
219,0,Door simply business,Magazine level.,https://m.media-amazon.com/images/I/614pn1oYPCL.jpg
220,1,Yes relationship,Step why professional in.,"https://m.media-amazon.com/images/I/91eY5tY-pGS._AC_UF894,1000_QL80_.jpg"
221,3,Let occur evening,Open short.,"https://m.media-amazon.com/images/I/51xT9lbPAmL._AC_UF1000,1000_QL80_.jpg"
222,2,Above morning,Industry term.,"https://m.media-amazon.com/images/I/71gtKUViyOL._AC_UF1000,1000_QL80_.jpg"
223,3,Fight where,List collection citizen cause red.,https://m.media-amazon.com/images/I/611DiOFTVfL.jpg
224,4,Despite,Level your but.,"https://m.media-amazon.com/images/I/51xT9lbPAmL._AC_UF1000,1000_QL80_.jpg"
225,9,Maybe value,At such.,"https://m.media-amazon.com/images/I/51xT9lbPAmL._AC_UF1000,1000_QL80_.jpg"
226,5,General amount,Toward buy common matter.,"https://m.media-amazon.com/images/I/91eY5tY-pGS._AC_UF894,1000_QL80_.jpg"
227,0,Language rock,Avoid career bad.,https://m.media-amazon.com/images/I/614pn1oYPCL.jpg
228,5,Apply letter,Voice then cost particularly.,"https://m.media-amazon.com/images/I/61Q79ulDs6L._AC_UF1000,1000_QL80_.jpg"
229,0,Forget above growth,Option election product direction.,https://m.media-amazon.com/images/I/51aX6Nv7rAL.jpg
230,9,Way,Wife world interesting stock dinner.,https://m.media-amazon.com/images/I/61AcT0ZuO3L.jpg
231,8,Their career fine,Participant care seven task.,"https://m.media-amazon.com/images/I/61x-ngKuW3L._AC_UF894,1000_QL80_.jpg"
232,4,Interesting,Size dark fly.,https://m.media-amazon.com/images/I/614pn1oYPCL.jpg
233,7,Meeting himself argue possible,Federal think.,"https://m.media-amazon.com/images/I/61YNwmfTUOL._AC_UF894,1000_QL80_.jpg"
234,1,Executive hot herself,Dream nice finish.,https://m.media-amazon.com/images/I/61AcT0ZuO3L.jpg
235,1,Yourself,Pull painting.,https://m.media-amazon.com/images/I/611DiOFTVfL.jpg
236,4,Growth,Later technology information.,https://m.media-amazon.com/images/I/51aX6Nv7rAL.jpg
237,4,Impact she policy,Successful leg.,"https://m.media-amazon.com/images/I/51xT9lbPAmL._AC_UF1000,1000_QL80_.jpg"
238,3,Action ever fear nice,Who interest.,https://m.media-amazon.com/images/I/614pn1oYPCL.jpg
239,5,Guy man send,Address they evening future.,https://m.media-amazon.com/images/I/61AcT0ZuO3L.jpg
240,2,Forget surface,Talk he approach.,https://m.media-amazon.com/images/I/611DiOFTVfL.jpg
241,5,Determine hour,Hot finish.,https://m.media-amazon.com/images/I/614pn1oYPCL.jpg
242,2,Small report,Trade message week.,https://m.media-amazon.com/images/I/614pn1oYPCL.jpg
243,9,Arm class line,Page rich.,"https://m.media-amazon.com/images/I/91eY5tY-pGS._AC_UF894,1000_QL80_.jpg"
244,6,Weight value,Form above also site always.,"https://m.media-amazon.com/images/I/91eY5tY-pGS._AC_UF894,1000_QL80_.jpg"
245,3,Such skin tough,Produce nor may.,"https://m.media-amazon.com/images/I/71gtKUViyOL._AC_UF1000,1000_QL80_.jpg"
246,2,Main trade war,Image often art authority industry.,https://m.media-amazon.com/images/I/614pn1oYPCL.jpg
247,4,Should some discuss,Happen candidate either.,"https://m.media-amazon.com/images/I/61YNwmfTUOL._AC_UF894,1000_QL80_.jpg"
248,5,Mention then conference,I nation good participant skin.,"https://m.media-amazon.com/images/I/51xT9lbPAmL._AC_UF1000,1000_QL80_.jpg"
249,1,Decision center such,Military cold card.,https://m.media-amazon.com/images/I/61AcT0ZuO3L.jpg
250,1,Season nearly,According teach you sometimes such.,"https://m.media-amazon.com/images/I/91eY5tY-pGS._AC_UF894,1000_QL80_.jpg"
251,6,Certain then,Itself ten cost.,https://m.media-amazon.com/images/I/51aX6Nv7rAL.jpg
252,4,Your take foreign,Decision there.,"https://m.media-amazon.com/images/I/51xT9lbPAmL._AC_UF1000,1000_QL80_.jpg"
253,6,Collection anyone,Amount local anything front.,https://m.media-amazon.com/images/I/614pn1oYPCL.jpg
254,1,Task,One model head for notice.,"https://m.media-amazon.com/images/I/51xT9lbPAmL._AC_UF1000,1000_QL80_.jpg"
255,2,Series option,Ball pick wrong option outside.,"https://m.media-amazon.com/images/I/51xT9lbPAmL._AC_UF1000,1000_QL80_.jpg"
256,1,Outside offer next,Class smile ability.,"https://m.media-amazon.com/images/I/61Q79ulDs6L._AC_UF1000,1000_QL80_.jpg"
257,0,Explain identify resource citizen,Deal represent medical impact writer.,"https://m.media-amazon.com/images/I/61x-ngKuW3L._AC_UF894,1000_QL80_.jpg"
258,6,Knowledge put land,Those future the.,https://m.media-amazon.com/images/I/611DiOFTVfL.jpg
259,4,Smile choose,Them window baby.,"https://m.media-amazon.com/images/I/61YNwmfTUOL._AC_UF894,1000_QL80_.jpg"
260,3,Treatment itself decision such,Start prepare appear plant.,"https://m.media-amazon.com/images/I/61Q79ulDs6L._AC_UF1000,1000_QL80_.jpg"
261,3,Four I of,Bed operation environment exactly none.,"https://m.media-amazon.com/images/I/71gtKUViyOL._AC_UF1000,1000_QL80_.jpg"
262,9,Whether improve serious,Air machine look purpose knowledge.,"https://m.media-amazon.com/images/I/51xT9lbPAmL._AC_UF1000,1000_QL80_.jpg"
263,6,Modern over,Receive program.,"https://m.media-amazon.com/images/I/61YNwmfTUOL._AC_UF894,1000_QL80_.jpg"
264,6,Into worry mouth,Report middle after true.,"https://m.media-amazon.com/images/I/61YNwmfTUOL._AC_UF894,1000_QL80_.jpg"
265,3,Old send,Force space.,https://m.media-amazon.com/images/I/611DiOFTVfL.jpg
266,6,Prove one,Event stop history.,https://m.media-amazon.com/images/I/614pn1oYPCL.jpg
267,8,Few activity,Require rest sell region prepare.,https://m.media-amazon.com/images/I/614pn1oYPCL.jpg
268,8,Suggest marriage,Position painting remember agreement result.,"https://m.media-amazon.com/images/I/61x-ngKuW3L._AC_UF894,1000_QL80_.jpg"
269,8,Wrong but imagine,Society compare professor big.,https://m.media-amazon.com/images/I/614pn1oYPCL.jpg
270,6,Special eye,Concern responsibility next know.,"https://m.media-amazon.com/images/I/61YNwmfTUOL._AC_UF894,1000_QL80_.jpg"
271,3,Station,Sell amount design because.,https://m.media-amazon.com/images/I/61AcT0ZuO3L.jpg
272,3,See rule,Computer this road.,"https://m.media-amazon.com/images/I/61Q79ulDs6L._AC_UF1000,1000_QL80_.jpg"
273,2,Quality group,After Mrs apply great school.,https://m.media-amazon.com/images/I/51aX6Nv7rAL.jpg
274,3,Might from strong,Hour live control.,https://m.media-amazon.com/images/I/61AcT0ZuO3L.jpg
275,0,Design other region compare,Official president believe.,https://m.media-amazon.com/images/I/611DiOFTVfL.jpg
276,3,On upon,Worry contain.,https://m.media-amazon.com/images/I/614pn1oYPCL.jpg
277,9,Half,Which sit attention start.,https://m.media-amazon.com/images/I/51aX6Nv7rAL.jpg
278,7,Do stand field,Suggest against.,"https://m.media-amazon.com/images/I/61x-ngKuW3L._AC_UF894,1000_QL80_.jpg"
279,9,Recognize want those,Nearly exactly suggest.,https://m.media-amazon.com/images/I/51aX6Nv7rAL.jpg
280,3,All picture tend,Remember suggest remember soldier.,"https://m.media-amazon.com/images/I/71gtKUViyOL._AC_UF1000,1000_QL80_.jpg"
281,6,Star voice,Small color pick matter.,https://m.media-amazon.com/images/I/611DiOFTVfL.jpg
282,2,Up score campaign,Evening one media.,"https://m.media-amazon.com/images/I/91eY5tY-pGS._AC_UF894,1000_QL80_.jpg"
283,8,Because benefit few,Film town stay skill cell.,https://m.media-amazon.com/images/I/611DiOFTVfL.jpg
284,9,Window worker,During memory way picture.,"https://m.media-amazon.com/images/I/51xT9lbPAmL._AC_UF1000,1000_QL80_.jpg"
285,5,Now true control,Himself she treat.,https://m.media-amazon.com/images/I/61AcT0ZuO3L.jpg
286,0,Price sort,Nation involve simply media.,"https://m.media-amazon.com/images/I/61x-ngKuW3L._AC_UF894,1000_QL80_.jpg"
287,8,Entire be beautiful,Data use section raise.,"https://m.media-amazon.com/images/I/61Q79ulDs6L._AC_UF1000,1000_QL80_.jpg"
288,9,Mention at cut very,Assume field.,"https://m.media-amazon.com/images/I/91eY5tY-pGS._AC_UF894,1000_QL80_.jpg"
289,7,Join appear,Marriage since despite specific.,"https://m.media-amazon.com/images/I/61YNwmfTUOL._AC_UF894,1000_QL80_.jpg"
290,8,Late thus behind,Individual especially.,"https://m.media-amazon.com/images/I/61YNwmfTUOL._AC_UF894,1000_QL80_.jpg"
291,9,Office finally,Prepare continue church head.,https://m.media-amazon.com/images/I/61AcT0ZuO3L.jpg
292,2,Concern,Discussion I within meet.,"https://m.media-amazon.com/images/I/61x-ngKuW3L._AC_UF894,1000_QL80_.jpg"
293,0,Century mouth,Seek shoulder use.,"https://m.media-amazon.com/images/I/71gtKUViyOL._AC_UF1000,1000_QL80_.jpg"
294,8,Tell series,Experience guess feeling economy.,"https://m.media-amazon.com/images/I/61YNwmfTUOL._AC_UF894,1000_QL80_.jpg"
295,3,Add nearly class,Nearly indeed make run phone.,"https://m.media-amazon.com/images/I/91eY5tY-pGS._AC_UF894,1000_QL80_.jpg"
296,1,Top employee but,Thus artist.,https://m.media-amazon.com/images/I/611DiOFTVfL.jpg
297,8,Lead hot actually,Black southern serve since.,https://m.media-amazon.com/images/I/51aX6Nv7rAL.jpg
298,2,Congress power television,Next must should.,"https://m.media-amazon.com/images/I/51xT9lbPAmL._AC_UF1000,1000_QL80_.jpg"
299,8,Season power specific,Those scientist his feeling.,https://m.media-amazon.com/images/I/614pn1oYPCL.jpg
300,7,Require particular buy,Your several appear.,https://m.media-amazon.com/images/I/614pn1oYPCL.jpg
301,9,Standard,Memory yourself article claim.,https://m.media-amazon.com/images/I/61AcT0ZuO3L.jpg
302,7,Begin paper three,Activity serve treatment.,"https://m.media-amazon.com/images/I/61YNwmfTUOL._AC_UF894,1000_QL80_.jpg"
303,6,Rate financial,Ten listen home.,"https://m.media-amazon.com/images/I/61x-ngKuW3L._AC_UF894,1000_QL80_.jpg"
304,9,Radio audience,Few scene loss.,"https://m.media-amazon.com/images/I/61Q79ulDs6L._AC_UF1000,1000_QL80_.jpg"
305,7,Hour agent,Mention head them.,https://m.media-amazon.com/images/I/61AcT0ZuO3L.jpg
306,3,Add mention,Real catch order.,https://m.media-amazon.com/images/I/611DiOFTVfL.jpg
307,3,Democrat much method,Owner keep as.,https://m.media-amazon.com/images/I/611DiOFTVfL.jpg
308,8,Town give movement,Across parent.,"https://m.media-amazon.com/images/I/61Q79ulDs6L._AC_UF1000,1000_QL80_.jpg"
309,6,Night share thought,Push activity.,"https://m.media-amazon.com/images/I/61YNwmfTUOL._AC_UF894,1000_QL80_.jpg"
310,0,Main next suffer,Space quality safe.,https://m.media-amazon.com/images/I/51aX6Nv7rAL.jpg
311,1,Statement dream,Represent measure main stop.,https://m.media-amazon.com/images/I/51aX6Nv7rAL.jpg
312,9,Avoid ago strong,Pass land itself.,https://m.media-amazon.com/images/I/61AcT0ZuO3L.jpg
313,1,Sense story,Attention society book.,"https://m.media-amazon.com/images/I/61Q79ulDs6L._AC_UF1000,1000_QL80_.jpg"
314,3,Issue through,My benefit heavy miss.,"https://m.media-amazon.com/images/I/71gtKUViyOL._AC_UF1000,1000_QL80_.jpg"
315,7,Put,Process write whatever.,https://m.media-amazon.com/images/I/611DiOFTVfL.jpg
316,3,No,Surface for war paper.,"https://m.media-amazon.com/images/I/71gtKUViyOL._AC_UF1000,1000_QL80_.jpg"
317,8,Or ever,Again play last.,"https://m.media-amazon.com/images/I/51xT9lbPAmL._AC_UF1000,1000_QL80_.jpg"
318,1,Now oil,Argue ever ok.,"https://m.media-amazon.com/images/I/61Q79ulDs6L._AC_UF1000,1000_QL80_.jpg"
319,8,Campaign sign reach on,Join although even.,https://m.media-amazon.com/images/I/61AcT0ZuO3L.jpg
320,6,Ability responsibility,Listen ability treatment standard.,"https://m.media-amazon.com/images/I/91eY5tY-pGS._AC_UF894,1000_QL80_.jpg"
321,0,Image,Where make buy seem.,https://m.media-amazon.com/images/I/61AcT0ZuO3L.jpg
322,2,Force friend,Law ok baby.,https://m.media-amazon.com/images/I/61AcT0ZuO3L.jpg
323,8,Idea should,Hear like style now chair.,"https://m.media-amazon.com/images/I/61Q79ulDs6L._AC_UF1000,1000_QL80_.jpg"
324,2,Even response,Upon car find threat.,"https://m.media-amazon.com/images/I/91eY5tY-pGS._AC_UF894,1000_QL80_.jpg"
325,4,Return tonight,Report training financial international forward.,https://m.media-amazon.com/images/I/611DiOFTVfL.jpg
326,2,My on green,Small end.,https://m.media-amazon.com/images/I/611DiOFTVfL.jpg
327,6,Sell loss project,Measure film drop else.,https://m.media-amazon.com/images/I/51aX6Nv7rAL.jpg
328,6,Night level policy,Heart development.,https://m.media-amazon.com/images/I/611DiOFTVfL.jpg
329,0,Late those every,Drive usually nothing by.,"https://m.media-amazon.com/images/I/71gtKUViyOL._AC_UF1000,1000_QL80_.jpg"
330,7,Change toward while,Relationship list including major wear.,https://m.media-amazon.com/images/I/61AcT0ZuO3L.jpg
331,3,Reason model,Room current.,"https://m.media-amazon.com/images/I/61Q79ulDs6L._AC_UF1000,1000_QL80_.jpg"
332,6,Contain thank,Play middle religious without main.,"https://m.media-amazon.com/images/I/91eY5tY-pGS._AC_UF894,1000_QL80_.jpg"
333,6,Become science,Century party.,https://m.media-amazon.com/images/I/61AcT0ZuO3L.jpg
334,0,Realize film,Throughout main billion.,"https://m.media-amazon.com/images/I/51xT9lbPAmL._AC_UF1000,1000_QL80_.jpg"
335,3,Past debate central rich,Range study.,"https://m.media-amazon.com/images/I/71gtKUViyOL._AC_UF1000,1000_QL80_.jpg"
336,6,Race enter,Most example million summer.,https://m.media-amazon.com/images/I/61AcT0ZuO3L.jpg
337,3,Population toward food,Plan from value.,"https://m.media-amazon.com/images/I/51xT9lbPAmL._AC_UF1000,1000_QL80_.jpg"
338,8,Medical want,Feeling not good.,"https://m.media-amazon.com/images/I/91eY5tY-pGS._AC_UF894,1000_QL80_.jpg"
339,1,Mission student,These body risk dinner.,"https://m.media-amazon.com/images/I/61YNwmfTUOL._AC_UF894,1000_QL80_.jpg"
340,8,Strategy democratic,Even full wind situation.,https://m.media-amazon.com/images/I/611DiOFTVfL.jpg
341,3,Memory theory,Need international finally.,https://m.media-amazon.com/images/I/61AcT0ZuO3L.jpg
342,6,Laugh door,Idea everyone.,"https://m.media-amazon.com/images/I/91eY5tY-pGS._AC_UF894,1000_QL80_.jpg"
343,1,Hard window,Past wide open accept.,https://m.media-amazon.com/images/I/611DiOFTVfL.jpg
344,2,Value meet,Those inside buy piece.,https://m.media-amazon.com/images/I/51aX6Nv7rAL.jpg
345,6,Usually green,Meeting financial court.,"https://m.media-amazon.com/images/I/61x-ngKuW3L._AC_UF894,1000_QL80_.jpg"
346,3,Center,Surface poor high.,"https://m.media-amazon.com/images/I/71gtKUViyOL._AC_UF1000,1000_QL80_.jpg"
347,3,Begin popular,Now bill.,https://m.media-amazon.com/images/I/614pn1oYPCL.jpg
348,8,Member watch,One final people.,"https://m.media-amazon.com/images/I/61Q79ulDs6L._AC_UF1000,1000_QL80_.jpg"
349,4,Body throughout,Woman year claim surface Congress.,https://m.media-amazon.com/images/I/51aX6Nv7rAL.jpg
350,5,Later until free center,Mission change their glass.,"https://m.media-amazon.com/images/I/61Q79ulDs6L._AC_UF1000,1000_QL80_.jpg"
351,2,Science baby whether,Then fall chair positive should.,"https://m.media-amazon.com/images/I/71gtKUViyOL._AC_UF1000,1000_QL80_.jpg"
352,8,Yeah,Hit course listen try.,"https://m.media-amazon.com/images/I/51xT9lbPAmL._AC_UF1000,1000_QL80_.jpg"
353,3,Include seven between,Choice design.,"https://m.media-amazon.com/images/I/91eY5tY-pGS._AC_UF894,1000_QL80_.jpg"
354,1,Enjoy respond you,Together public.,"https://m.media-amazon.com/images/I/71gtKUViyOL._AC_UF1000,1000_QL80_.jpg"
355,8,Thing glass draw,Fear even.,https://m.media-amazon.com/images/I/611DiOFTVfL.jpg
356,0,Evening wrong,Weight politics that effort.,"https://m.media-amazon.com/images/I/51xT9lbPAmL._AC_UF1000,1000_QL80_.jpg"
357,9,Have weight enough threat,Look bit would end decision.,https://m.media-amazon.com/images/I/611DiOFTVfL.jpg
358,8,Region rule,Unit difference could conference.,"https://m.media-amazon.com/images/I/71gtKUViyOL._AC_UF1000,1000_QL80_.jpg"
359,8,Happen stop,Seven role again skin.,https://m.media-amazon.com/images/I/61AcT0ZuO3L.jpg
360,4,The forward sing fund,Turn story wall well Mr.,"https://m.media-amazon.com/images/I/61YNwmfTUOL._AC_UF894,1000_QL80_.jpg"
361,0,Action style air,Anyone big care pick.,"https://m.media-amazon.com/images/I/61x-ngKuW3L._AC_UF894,1000_QL80_.jpg"
362,8,Degree heart,Top whatever phone prepare.,https://m.media-amazon.com/images/I/614pn1oYPCL.jpg
363,9,Design provide,Certainly charge respond.,"https://m.media-amazon.com/images/I/61YNwmfTUOL._AC_UF894,1000_QL80_.jpg"
364,1,Little ten send,Particular relationship figure wait anyone.,https://m.media-amazon.com/images/I/611DiOFTVfL.jpg
365,8,Race cut,Million expect open popular.,"https://m.media-amazon.com/images/I/71gtKUViyOL._AC_UF1000,1000_QL80_.jpg"
366,3,Traditional expect beyond,Without before.,"https://m.media-amazon.com/images/I/61x-ngKuW3L._AC_UF894,1000_QL80_.jpg"
367,0,Speech make position social,Enter six.,https://m.media-amazon.com/images/I/51aX6Nv7rAL.jpg
368,3,Or pressure,Weight entire through tax.,"https://m.media-amazon.com/images/I/61x-ngKuW3L._AC_UF894,1000_QL80_.jpg"
369,1,Class shake everybody,Write various.,https://m.media-amazon.com/images/I/611DiOFTVfL.jpg
370,1,Thought fly,Be none magazine either.,"https://m.media-amazon.com/images/I/91eY5tY-pGS._AC_UF894,1000_QL80_.jpg"
371,2,Those bed,Talk certain without.,"https://m.media-amazon.com/images/I/61YNwmfTUOL._AC_UF894,1000_QL80_.jpg"
372,4,Ground my take,When lot catch bed.,"https://m.media-amazon.com/images/I/61x-ngKuW3L._AC_UF894,1000_QL80_.jpg"
373,5,According day put,State college feel.,https://m.media-amazon.com/images/I/51aX6Nv7rAL.jpg
374,9,Though else,Fact chair mission night.,https://m.media-amazon.com/images/I/61AcT0ZuO3L.jpg
375,2,Threat why,Behavior blood improve.,"https://m.media-amazon.com/images/I/61Q79ulDs6L._AC_UF1000,1000_QL80_.jpg"
376,3,Check draw,Analysis north according.,https://m.media-amazon.com/images/I/614pn1oYPCL.jpg
377,5,Tell front form away,How team happen lot.,"https://m.media-amazon.com/images/I/71gtKUViyOL._AC_UF1000,1000_QL80_.jpg"
378,4,Process rate,Despite still attack voice hear.,"https://m.media-amazon.com/images/I/71gtKUViyOL._AC_UF1000,1000_QL80_.jpg"
379,3,Wonder evening my,Sure dog tax.,https://m.media-amazon.com/images/I/611DiOFTVfL.jpg
380,0,Tend deep,Without day dream imagine.,https://m.media-amazon.com/images/I/611DiOFTVfL.jpg
381,6,Probably car baby kind,Recently us happy language.,https://m.media-amazon.com/images/I/61AcT0ZuO3L.jpg
382,8,Southern city answer,Upon adult street personal choice.,https://m.media-amazon.com/images/I/61AcT0ZuO3L.jpg
383,8,Plant million benefit,Which law traditional.,"https://m.media-amazon.com/images/I/71gtKUViyOL._AC_UF1000,1000_QL80_.jpg"
384,9,Should describe career,Mean available relate throughout.,"https://m.media-amazon.com/images/I/71gtKUViyOL._AC_UF1000,1000_QL80_.jpg"
385,2,Be level wish,Meeting seek national forget.,"https://m.media-amazon.com/images/I/61x-ngKuW3L._AC_UF894,1000_QL80_.jpg"
386,0,Response always full continue,Generation rest own lot since.,"https://m.media-amazon.com/images/I/61YNwmfTUOL._AC_UF894,1000_QL80_.jpg"
387,6,Wall door,Pay serious most.,"https://m.media-amazon.com/images/I/51xT9lbPAmL._AC_UF1000,1000_QL80_.jpg"
388,2,Write bill whose,Season institution.,"https://m.media-amazon.com/images/I/51xT9lbPAmL._AC_UF1000,1000_QL80_.jpg"
389,3,Billion boy,Heavy rock choice.,"https://m.media-amazon.com/images/I/61YNwmfTUOL._AC_UF894,1000_QL80_.jpg"
390,9,Red off himself,According even government because.,"https://m.media-amazon.com/images/I/61Q79ulDs6L._AC_UF1000,1000_QL80_.jpg"
391,1,Including several ready,Lot minute include difficult.,"https://m.media-amazon.com/images/I/71gtKUViyOL._AC_UF1000,1000_QL80_.jpg"
392,0,Science industry young,Radio face know bit.,"https://m.media-amazon.com/images/I/61Q79ulDs6L._AC_UF1000,1000_QL80_.jpg"
393,0,With court,Hot realize anyone ball.,https://m.media-amazon.com/images/I/51aX6Nv7rAL.jpg
394,0,Morning explain future,Hard environment.,https://m.media-amazon.com/images/I/51aX6Nv7rAL.jpg
395,9,Position the,Pull fish will do factor.,https://m.media-amazon.com/images/I/614pn1oYPCL.jpg
396,9,Start lot,Hard computer.,"https://m.media-amazon.com/images/I/61Q79ulDs6L._AC_UF1000,1000_QL80_.jpg"
397,5,Those evidence model,Price throw.,"https://m.media-amazon.com/images/I/71gtKUViyOL._AC_UF1000,1000_QL80_.jpg"
398,3,Both know test,Father any issue everybody.,"https://m.media-amazon.com/images/I/71gtKUViyOL._AC_UF1000,1000_QL80_.jpg"
399,0,That among eye,Lose big hear several.,"https://m.media-amazon.com/images/I/61x-ngKuW3L._AC_UF894,1000_QL80_.jpg"
400,5,Shoulder act,Heart test.,"https://m.media-amazon.com/images/I/61YNwmfTUOL._AC_UF894,1000_QL80_.jpg"
401,8,High end performance,Anyone fire.,https://m.media-amazon.com/images/I/614pn1oYPCL.jpg
402,5,Security usually serve,Catch cold minute.,"https://m.media-amazon.com/images/I/91eY5tY-pGS._AC_UF894,1000_QL80_.jpg"
403,3,North effect check,Our south whole wish model.,"https://m.media-amazon.com/images/I/61YNwmfTUOL._AC_UF894,1000_QL80_.jpg"
404,4,Rise player,Language ahead seem require.,"https://m.media-amazon.com/images/I/51xT9lbPAmL._AC_UF1000,1000_QL80_.jpg"
405,0,Financial traditional rest,Radio toward.,https://m.media-amazon.com/images/I/611DiOFTVfL.jpg
406,7,Go little,Question want then how.,"https://m.media-amazon.com/images/I/71gtKUViyOL._AC_UF1000,1000_QL80_.jpg"
407,6,Clear take,Great adult standard.,"https://m.media-amazon.com/images/I/91eY5tY-pGS._AC_UF894,1000_QL80_.jpg"
408,6,Reduce,Art finally pressure.,https://m.media-amazon.com/images/I/614pn1oYPCL.jpg
409,9,Senior others,Write school reflect surface item.,"https://m.media-amazon.com/images/I/61Q79ulDs6L._AC_UF1000,1000_QL80_.jpg"
410,2,Choose shoulder,Ability serve.,https://m.media-amazon.com/images/I/51aX6Nv7rAL.jpg
411,3,Never establish,Message culture bar change recent.,"https://m.media-amazon.com/images/I/91eY5tY-pGS._AC_UF894,1000_QL80_.jpg"
412,9,Travel middle data,Social well born old.,"https://m.media-amazon.com/images/I/71gtKUViyOL._AC_UF1000,1000_QL80_.jpg"
413,8,Big institution sell,Popular meeting federal analysis role.,"https://m.media-amazon.com/images/I/91eY5tY-pGS._AC_UF894,1000_QL80_.jpg"
414,6,Effort husband until,Everybody human.,"https://m.media-amazon.com/images/I/61Q79ulDs6L._AC_UF1000,1000_QL80_.jpg"
415,5,Take level difficult,Listen level past.,https://m.media-amazon.com/images/I/611DiOFTVfL.jpg
416,5,Look ago,Thousand difference hope.,"https://m.media-amazon.com/images/I/91eY5tY-pGS._AC_UF894,1000_QL80_.jpg"
417,2,Break item,Interesting road western.,"https://m.media-amazon.com/images/I/61Q79ulDs6L._AC_UF1000,1000_QL80_.jpg"
418,1,Feeling type,Quality worker network early.,https://m.media-amazon.com/images/I/61AcT0ZuO3L.jpg
419,2,Subject production each,Sometimes value enter.,"https://m.media-amazon.com/images/I/61Q79ulDs6L._AC_UF1000,1000_QL80_.jpg"
420,3,Personal you,Eight thought positive less reveal.,"https://m.media-amazon.com/images/I/91eY5tY-pGS._AC_UF894,1000_QL80_.jpg"
421,8,Hospital various like ask,So south read fill.,https://m.media-amazon.com/images/I/51aX6Nv7rAL.jpg
422,0,Leg experience include three,Myself statement.,https://m.media-amazon.com/images/I/614pn1oYPCL.jpg
423,5,View service,Change western commercial process court.,https://m.media-amazon.com/images/I/51aX6Nv7rAL.jpg
424,5,Here maintain,Sign federal today.,"https://m.media-amazon.com/images/I/61YNwmfTUOL._AC_UF894,1000_QL80_.jpg"
425,0,Time,Ask offer four state way.,https://m.media-amazon.com/images/I/611DiOFTVfL.jpg
426,2,Door yourself,Research lot respond.,"https://m.media-amazon.com/images/I/61Q79ulDs6L._AC_UF1000,1000_QL80_.jpg"
427,0,See democratic dark sound,Expect law speak reduce.,"https://m.media-amazon.com/images/I/51xT9lbPAmL._AC_UF1000,1000_QL80_.jpg"
428,3,Art opportunity go,At anyone wait give mention.,https://m.media-amazon.com/images/I/51aX6Nv7rAL.jpg
429,7,Very nor,Song purpose happen cold.,"https://m.media-amazon.com/images/I/71gtKUViyOL._AC_UF1000,1000_QL80_.jpg"
430,1,Land child,Serious leg five above center.,https://m.media-amazon.com/images/I/611DiOFTVfL.jpg
431,7,Wind blue last,Continue arrive say chair.,"https://m.media-amazon.com/images/I/61x-ngKuW3L._AC_UF894,1000_QL80_.jpg"
432,0,Police score,Study opportunity mother there.,"https://m.media-amazon.com/images/I/51xT9lbPAmL._AC_UF1000,1000_QL80_.jpg"
433,8,Explain may,Serve ball room.,https://m.media-amazon.com/images/I/61AcT0ZuO3L.jpg
434,7,Night various,Town minute its.,https://m.media-amazon.com/images/I/614pn1oYPCL.jpg
435,7,His collection best control,Performance prevent message ten.,"https://m.media-amazon.com/images/I/61YNwmfTUOL._AC_UF894,1000_QL80_.jpg"
436,0,Type among if,Physical everybody season magazine.,"https://m.media-amazon.com/images/I/61Q79ulDs6L._AC_UF1000,1000_QL80_.jpg"
437,9,Peace interview best record,Factor interesting.,"https://m.media-amazon.com/images/I/61Q79ulDs6L._AC_UF1000,1000_QL80_.jpg"
438,7,Decade risk,Into letter air throw building.,https://m.media-amazon.com/images/I/611DiOFTVfL.jpg
439,7,Against adult material,Add important free.,https://m.media-amazon.com/images/I/611DiOFTVfL.jpg
440,5,Chance finish,Baby have first.,https://m.media-amazon.com/images/I/611DiOFTVfL.jpg
441,4,Modern save answer,Road factor reach.,https://m.media-amazon.com/images/I/614pn1oYPCL.jpg
442,7,Hope force,Describe spend identify test property.,"https://m.media-amazon.com/images/I/51xT9lbPAmL._AC_UF1000,1000_QL80_.jpg"
443,3,Design middle,Write television.,"https://m.media-amazon.com/images/I/61x-ngKuW3L._AC_UF894,1000_QL80_.jpg"
444,7,Military child police,Player walk three too.,"https://m.media-amazon.com/images/I/61x-ngKuW3L._AC_UF894,1000_QL80_.jpg"
445,1,Million evening,This language full court hotel.,https://m.media-amazon.com/images/I/51aX6Nv7rAL.jpg
446,4,Cover who,Company surface word week official.,"https://m.media-amazon.com/images/I/51xT9lbPAmL._AC_UF1000,1000_QL80_.jpg"
447,6,Son accept,Gas owner.,"https://m.media-amazon.com/images/I/61Q79ulDs6L._AC_UF1000,1000_QL80_.jpg"
448,6,Seven allow interesting,Become under here.,"https://m.media-amazon.com/images/I/51xT9lbPAmL._AC_UF1000,1000_QL80_.jpg"
449,7,Image want source,Herself argue hold.,https://m.media-amazon.com/images/I/61AcT0ZuO3L.jpg
450,5,Happen time scene,Often cultural science watch.,https://m.media-amazon.com/images/I/51aX6Nv7rAL.jpg
451,7,Deal rich already,Point measure note PM.,"https://m.media-amazon.com/images/I/61Q79ulDs6L._AC_UF1000,1000_QL80_.jpg"
452,3,Try threat knowledge hope,Series whether at memory.,"https://m.media-amazon.com/images/I/71gtKUViyOL._AC_UF1000,1000_QL80_.jpg"
453,4,Check born quickly,Her traditional record list.,https://m.media-amazon.com/images/I/614pn1oYPCL.jpg
454,4,That produce,Teach nearly major.,"https://m.media-amazon.com/images/I/71gtKUViyOL._AC_UF1000,1000_QL80_.jpg"
455,7,Authority person across,Often house tell course.,https://m.media-amazon.com/images/I/51aX6Nv7rAL.jpg
456,1,Difficult before,Development since specific source fill.,"https://m.media-amazon.com/images/I/91eY5tY-pGS._AC_UF894,1000_QL80_.jpg"
457,1,Occur bill per,Song view sing a foreign.,"https://m.media-amazon.com/images/I/61Q79ulDs6L._AC_UF1000,1000_QL80_.jpg"
458,7,Particular include leg,Result by door eat.,"https://m.media-amazon.com/images/I/71gtKUViyOL._AC_UF1000,1000_QL80_.jpg"
459,5,Half draw board,More benefit painting expert close.,"https://m.media-amazon.com/images/I/61Q79ulDs6L._AC_UF1000,1000_QL80_.jpg"
460,6,Article his,Again benefit few.,"https://m.media-amazon.com/images/I/61Q79ulDs6L._AC_UF1000,1000_QL80_.jpg"
461,2,Base also reason,Question lay program.,"https://m.media-amazon.com/images/I/51xT9lbPAmL._AC_UF1000,1000_QL80_.jpg"
462,0,Green character agreement,Himself possible expect daughter effect.,"https://m.media-amazon.com/images/I/71gtKUViyOL._AC_UF1000,1000_QL80_.jpg"
463,6,Option prove,Amount serious she court second.,"https://m.media-amazon.com/images/I/61x-ngKuW3L._AC_UF894,1000_QL80_.jpg"
464,7,Nor another,Teach in actually million.,"https://m.media-amazon.com/images/I/61Q79ulDs6L._AC_UF1000,1000_QL80_.jpg"
465,8,Decade most partner,Produce course later visit board.,https://m.media-amazon.com/images/I/51aX6Nv7rAL.jpg
466,0,Always mind water,Role next hope leader economy.,https://m.media-amazon.com/images/I/51aX6Nv7rAL.jpg
467,8,Star blood day,Herself tonight free.,https://m.media-amazon.com/images/I/614pn1oYPCL.jpg
468,3,Never throw,Seat act.,"https://m.media-amazon.com/images/I/61Q79ulDs6L._AC_UF1000,1000_QL80_.jpg"
469,5,Civil organization,Stop a issue leg.,https://m.media-amazon.com/images/I/61AcT0ZuO3L.jpg
470,8,Any feeling,Suffer understand compare act.,https://m.media-amazon.com/images/I/51aX6Nv7rAL.jpg
471,7,Know great,Light opportunity.,"https://m.media-amazon.com/images/I/71gtKUViyOL._AC_UF1000,1000_QL80_.jpg"
472,5,Along including street,Seven road home.,"https://m.media-amazon.com/images/I/61YNwmfTUOL._AC_UF894,1000_QL80_.jpg"
473,3,Source require,Crime decision trip.,https://m.media-amazon.com/images/I/61AcT0ZuO3L.jpg
474,9,Early civil reflect,Least community half up.,"https://m.media-amazon.com/images/I/71gtKUViyOL._AC_UF1000,1000_QL80_.jpg"
475,1,Myself media benefit,Individual risk power prove.,"https://m.media-amazon.com/images/I/61x-ngKuW3L._AC_UF894,1000_QL80_.jpg"
476,0,Street possible feeling,Common remain big radio.,"https://m.media-amazon.com/images/I/61Q79ulDs6L._AC_UF1000,1000_QL80_.jpg"
477,1,Song happen,Score than manager history sport.,https://m.media-amazon.com/images/I/614pn1oYPCL.jpg
478,4,Fight run picture,Reveal sit lay.,https://m.media-amazon.com/images/I/51aX6Nv7rAL.jpg
479,2,Any,His buy mission see radio.,"https://m.media-amazon.com/images/I/91eY5tY-pGS._AC_UF894,1000_QL80_.jpg"
480,8,Doctor entire professional marriage,Out skin article answer rate.,"https://m.media-amazon.com/images/I/51xT9lbPAmL._AC_UF1000,1000_QL80_.jpg"
481,8,Interesting everybody,Report word draw.,"https://m.media-amazon.com/images/I/51xT9lbPAmL._AC_UF1000,1000_QL80_.jpg"
482,9,Stop,No lawyer that.,https://m.media-amazon.com/images/I/51aX6Nv7rAL.jpg
483,1,Use religious woman,Expect final big necessary.,"https://m.media-amazon.com/images/I/61YNwmfTUOL._AC_UF894,1000_QL80_.jpg"
484,2,Tell chance,Design citizen make reduce.,https://m.media-amazon.com/images/I/61AcT0ZuO3L.jpg
485,4,Republican read,It give.,"https://m.media-amazon.com/images/I/61Q79ulDs6L._AC_UF1000,1000_QL80_.jpg"
486,9,Stock measure,Other represent community maybe.,https://m.media-amazon.com/images/I/611DiOFTVfL.jpg
487,7,These catch yes,Environment network food unit.,https://m.media-amazon.com/images/I/611DiOFTVfL.jpg
488,4,Answer wide person skin,Difference administration several prevent brother.,"https://m.media-amazon.com/images/I/61YNwmfTUOL._AC_UF894,1000_QL80_.jpg"
489,3,Tree claim rise,Practice attorney school him catch.,"https://m.media-amazon.com/images/I/51xT9lbPAmL._AC_UF1000,1000_QL80_.jpg"
490,5,Camera our,Recently style here hair.,https://m.media-amazon.com/images/I/611DiOFTVfL.jpg
491,0,Certain choice,Many agree scene think.,"https://m.media-amazon.com/images/I/71gtKUViyOL._AC_UF1000,1000_QL80_.jpg"
492,1,Point radio mean enough,Window least talk good.,"https://m.media-amazon.com/images/I/71gtKUViyOL._AC_UF1000,1000_QL80_.jpg"
493,4,Mr success nothing,Official true analysis.,"https://m.media-amazon.com/images/I/61YNwmfTUOL._AC_UF894,1000_QL80_.jpg"
494,0,Everyone partner occur,East car who central.,https://m.media-amazon.com/images/I/51aX6Nv7rAL.jpg
495,2,Hot finally,Why responsibility turn.,https://m.media-amazon.com/images/I/611DiOFTVfL.jpg
496,5,Friend produce when,Understand east soon heart.,https://m.media-amazon.com/images/I/611DiOFTVfL.jpg
497,3,Win,Admit prevent dog.,https://m.media-amazon.com/images/I/61AcT0ZuO3L.jpg
498,0,School number along red,Real financial.,"https://m.media-amazon.com/images/I/91eY5tY-pGS._AC_UF894,1000_QL80_.jpg"
499,4,Tree occur then,Together adult successful.,https://m.media-amazon.com/images/I/61AcT0ZuO3L.jpg
